,Fold selected features,Fold nb of features
Fold 0,"['Sex', 'ARID1A', 'pMLC2_YAPpos_muralneglike_myCAFs', 'CTGFpos_Fibronectinpos_CAFs', 'YAP_pMLC2_ECM_high_iCAFs', 'Deletion 22q13.33', 'ploidy', 'CEACAM6_ep', 'Fibronectin_caf', 'iNOS_im']",10
Fold 1,"['TAMs', 'TFhigh_Classical', 'CTGFpos_Fibronectinpos_CAFs', 'Deletion 22q13.33', 'CEACAM6_ep']",5
Fold 2,"['CTGFpos_Fibronectinpos_CAFs', 'Deletion 22q13.33', 'CEACAM6_ep', 'KRT5_ep']",4
Fold 3,"['KDM6A', 'TFhigh_Classical', 'Deletion 22q13.33', 'CEACAM6_ep']",4
Fold 4,"['TAMs', 'Deletion 22q13.33', 'PDGFRab_caf']",3
Fold 5,"['TAMs', 'TFhigh_Classical', 'Deletion 22q13.33']",3
Fold 6,"['Nonnegpolarized', 'CTGFpos_Fibronectinpos_CAFs', 'Deletion 22q13.33']",3
Fold 7,"['TFhigh_Classical', 'ploidy', 'CEACAM6_ep']",3
Fold 8,"['ARID1A', 'AHNAK', 'PLXNB2', 'SMAD4', 'LRP1B', 'ATM', 'pMLC2_YAPpos_muralneglike_myCAFs', 'TAMs', 'Nonnegpolarized', 'Tenascin_high_myCAFs', 'TFhigh_Classical', 'CTGFpos_Fibronectinpos_CAFs', 'YAP_pMLC2_ECM_high_iCAFs', 'CD34pos_CAFs', 'ECM-rich', 'Deletion 22q13.33', 'Deletion 1p36.11', 'CEACAM6_ep', 'PDGFRab_caf', 'Fibronectin_caf', 'iNOS_im']",21
Fold 9,"['TFhigh_Classical', 'CTGFpos_Fibronectinpos_CAFs', 'CEACAM6_ep']",3
Fold 10,"['Sex', 'KDM6A', 'SMAD4', 'TAMs', 'Nonnegpolarized', 'S100A4pos_NonnegBasal', 'Tenascin_high_myCAFs', 'TFhigh_Classical', 'CTGFpos_Fibronectinpos_CAFs', 'YAP_pMLC2_ECM_high_iCAFs', 'ECM-rich', 'Stiff matrix', 'Deletion 22q13.33', 'ploidy', 'Deletion 1p36.11', 'CEACAM6_ep', 'PDGFRab_caf', 'CLEC9A_im', 'Fibronectin_caf', 'ANXA2_ep', 'iNOS_im']",21
Fold 11,"['Sex', 'Age.at.Dx', 'ARID1A', 'KDM6A', 'CDKN2A', 'KRAS', 'KMT2D', 'TAMs', 'Nonnegpolarized', 'S100A4pos_NonnegBasal', 'Tenascin_high_myCAFs', 'TFhigh_Classical', 'CTGFpos_Fibronectinpos_CAFs', 'YAP_pMLC2_ECM_high_iCAFs', 'CD36_high_pericytes', 'ECM-rich', 'Immune infiltrated stroma', 'Deletion 22q13.33', 'Deletion 1p36.11', 'Amplification 17p11.2', 'CEACAM6_ep', 'PDGFRab_caf', 'CLEC9A_im', 'Fibronectin_caf', 'iNOS_im', 'PDPN', 'CD79A_im']",27
Fold 12,"['TFhigh_Classical', 'ANXA2_ep']",2
Fold 13,"['ARID1A', 'SMAD4', 'Nonnegpolarized', 'Deletion 22q13.33']",4
Fold 14,"['ARID1A', 'KDM6A', 'SMAD4', 'pMLC2_YAPpos_muralneglike_myCAFs', 'S100A4pos_NonnegBasal', 'Tenascin_high_myCAFs', 'TFhigh_Classical', 'CTGFpos_Fibronectinpos_CAFs', 'ECM-rich', 'Deletion 22q13.33', 'CEACAM6_ep', 'PDGFRab_caf', 'KRT20_ep', 'Fibronectin_caf']",14
Fold 15,"['Sex', 'tls_presence', 'ARID1A', 'KDM6A', 'TGFBR2', 'KMT2D', 'pMLC2_YAPpos_muralneglike_myCAFs', 'TAMs', 'Nonnegpolarized', 'S100A4pos_NonnegBasal', 'TFhigh_Classical', 'CTGFpos_Fibronectinpos_CAFs', 'ECM-rich', 'Stiff matrix', 'Deletion 22q13.33', 'ploidy', 'CEACAM6_ep', 'PDGFRab_caf', 'REG4_ep']",19
Fold 16,"['Sex', 'Age.at.Dx', 'ARID1A', 'KDM6A', 'PLXNB2', 'FAT3', 'PDZRN3', 'LRP1B', 'pMLC2_YAPpos_muralneglike_myCAFs', 'TAMs', 'S100A4pos_NonnegBasal', 'TFlow_Classical', 'CTGFpos_Fibronectinpos_CAFs', 'YAP_pMLC2_ECM_high_iCAFs', 'ECM-rich', 'Neoadj CD105 CAF high', 'Deletion 22q13.33', 'ploidy', 'CEACAM6_ep', 'PDGFRab_caf', 'iNOS_im', 'REG4_ep']",22
Fold 17,[],0
Fold 18,"['ARID1A', 'KDM6A', 'PDZRN3', 'pMLC2_YAPpos_muralneglike_myCAFs', 'Nonnegpolarized', 'Deletion 22q13.33', 'PDGFRab_caf', 'Fibronectin_caf', 'ANXA2_ep', 'iNOS_im']",10
Fold 19,"['KDM6A', 'PLXNB2', 'KRAS', 'pMLC2_YAPpos_muralneglike_myCAFs', 'TFhigh_Classical', 'CTGFpos_Fibronectinpos_CAFs', 'YAP_pMLC2_ECM_high_iCAFs', 'Deletion 22q13.33', 'CEACAM6_ep', 'iNOS_im']",10
Fold 20,"['CTGFpos_Fibronectinpos_CAFs', 'CEACAM6_ep', 'PDGFRab_caf', 'ANXA2_ep']",4
Fold 21,"['ARID1A', 'KDM6A', 'KMT2D', 'pMLC2_YAPpos_muralneglike_myCAFs', 'TAMs', 'S100A4pos_NonnegBasal', 'Tenascin_high_myCAFs', 'Deletion 22q13.33', 'ploidy', 'CEACAM6_ep', 'PDGFRab_caf', 'CLEC9A_im', 'Fibronectin_caf']",13
Fold 22,"['ARID1A', 'pMLC2_YAPpos_muralneglike_myCAFs', 'TFhigh_Classical', 'Deletion 1p36.11', 'CEACAM6_ep', 'PDGFRab_caf', 'Fibronectin_caf', 'ANXA2_ep']",8
Fold 23,"['Sex', 'KDM6A', 'Nonnegpolarized', 'TFlow_Classical', 'CTGFpos_Fibronectinpos_CAFs', 'Deletion 22q13.33', 'Deletion 1p36.11', 'CEACAM6_ep', 'PDGFRab_caf', 'Fibronectin_caf', 'ANXA2_ep', 'KRT5_ep', 'iNOS_im']",13
Fold 24,"['pMLC2_YAPpos_muralneglike_myCAFs', 'TAMs', 'S100A4pos_NonnegBasal', 'TFhigh_Classical', 'CTGFpos_Fibronectinpos_CAFs', 'Deletion 22q13.33', 'CEACAM6_ep', 'Fibronectin_caf']",8
Fold 25,"['KDM6A', 'pMLC2_YAPpos_muralneglike_myCAFs', 'CTGFpos_Fibronectinpos_CAFs', 'Deletion 22q13.33', 'Deletion 1p36.11', 'CLEC9A_im', 'Fibronectin_caf']",7
Fold 26,"['tls_presence', 'KDM6A', 'SMAD4', 'RNF43', 'KMT2C', 'KRAS', 'pMLC2_YAPpos_muralneglike_myCAFs', 'TAMs', 'Nonnegpolarized', 'TFhigh_Classical', 'ECM-rich', 'Deletion 22q13.33', 'ploidy', 'Deletion 1p36.11', 'CEACAM6_ep', 'PDGFRab_caf', 'CLEC9A_im', 'Fibronectin_caf', 'ANXA2_ep', 'PRSS1_ep', 'KRT5_ep']",21
Fold 27,"['TFhigh_Classical', 'CTGFpos_Fibronectinpos_CAFs', 'CEACAM6_ep']",3
Fold 28,"['SMAD4', 'FAT3', 'pMLC2_YAPpos_muralneglike_myCAFs', 'S100A4pos_NonnegBasal', 'CTGFpos_Fibronectinpos_CAFs', 'Deletion 22q13.33', 'ploidy', 'CEACAM6_ep', 'PDGFRab_caf']",9
Fold 29,"['Unnamed: 0', 'Sex', 'tls_presence', 'Age.at.Dx', 'Whipple_Surgery', 'Distal_Surgery', 'ARID1A', 'AHNAK', 'KDM6A', 'snv_count', 'TP53', 'PLXNB2', 'SMAD4', 'FAT3', 'PXDN', 'PDZRN3', 'RNF43', 'KMT2C', 'ZFHX4', 'GNAS', 'TGFBR2', 'CDKN2A', 'LRP1B', 'KRAS', 'HMCN1', 'ATP10A', 'KMT2D', 'CSMD1', 'TENM4', 'ATM', 'DMD', 'pMLC2_YAPpos_muralneglike_myCAFs', 'TAMs', 'Nonnegpolarized', 'S100A4pos_NonnegBasal', 'Tenascin_high_myCAFs', 'TFlow_Classical', 'TFhigh_Classical', 'PDPN_high_endothelial_cells', 'CTGFpos_Fibronectinpos_CAFs', 'YAP_pMLC2_ECM_high_iCAFs', 'Vascular_smooth_muscle_cells', 'YAP_Col1A2_high_CD105pos_iCAFs', 'CD34pos_CAFs', 'CCL21_high_lymphatic_endothelial_cells', 'CD36_high_pericytes', 'Basal', 'Arg1pos_TAMs', 'ECM-rich', 'Immune infiltrated stroma', 'Neoadj CD105 CAF high', 'CD105 CAF high', 'Deletion 22q13.33', 'ploidy', 'Deletion 1p36.11', 'Amplification 17p11.2', 'CEACAM6_ep', 'PDGFRab_caf', 'KRT20_ep', 'CLEC9A_im', 'Fibronectin_caf', 'TP63_ep', 'INS_ep', 'ANXA2_ep', 'PRSS1_ep', 'KRT5_ep', 'iNOS_im', 'PDPN', 'CD79A_im', 'S100A2_ep', 'REG4_ep']",71
Fold 30,"['TFhigh_Classical', 'YAP_pMLC2_ECM_high_iCAFs', 'Deletion 22q13.33', 'CEACAM6_ep', 'PDGFRab_caf', 'iNOS_im']",6
Fold 31,"['Unnamed: 0', 'Sex', 'tls_presence', 'Age.at.Dx', 'Whipple_Surgery', 'Distal_Surgery', 'ARID1A', 'AHNAK', 'KDM6A', 'snv_count', 'TP53', 'PLXNB2', 'SMAD4', 'FAT3', 'PXDN', 'PDZRN3', 'RNF43', 'KMT2C', 'ZFHX4', 'GNAS', 'TGFBR2', 'CDKN2A', 'LRP1B', 'KRAS', 'HMCN1', 'ATP10A', 'KMT2D', 'CSMD1', 'TENM4', 'ATM', 'DMD', 'pMLC2_YAPpos_muralneglike_myCAFs', 'TAMs', 'Nonnegpolarized', 'S100A4pos_NonnegBasal', 'Tenascin_high_myCAFs', 'TFlow_Classical', 'TFhigh_Classical', 'PDPN_high_endothelial_cells', 'CTGFpos_Fibronectinpos_CAFs', 'YAP_pMLC2_ECM_high_iCAFs', 'Vascular_smooth_muscle_cells', 'YAP_Col1A2_high_CD105pos_iCAFs', 'CD34pos_CAFs', 'CCL21_high_lymphatic_endothelial_cells', 'CD36_high_pericytes', 'Basal', 'Arg1pos_TAMs', 'ECM-rich', 'Stiff matrix', 'Immune infiltrated stroma', 'Neoadj CD105 CAF high', 'CD105 CAF high', 'Deletion 22q13.33', 'ploidy', 'Deletion 1p36.11', 'Amplification 17p11.2', 'CEACAM6_ep', 'PDGFRab_caf', 'ESM1_caf', 'KRT20_ep', 'CLEC9A_im', 'Fibronectin_caf', 'TP63_ep', 'INS_ep', 'ANXA2_ep', 'PRSS1_ep', 'KRT5_ep', 'iNOS_im', 'PDPN', 'CD79A_im', 'S100A2_ep', 'REG4_ep']",73
Fold 32,"['Sex', 'HMCN1', 'S100A4pos_NonnegBasal', 'Deletion 22q13.33', 'CEACAM6_ep', 'PDGFRab_caf']",6
Fold 33,"['Unnamed: 0', 'tls_presence', 'Distal_Surgery', 'ARID1A', 'SMAD4', 'RNF43', 'ZFHX4', 'TGFBR2', 'CDKN2A', 'KRAS', 'KMT2D', 'pMLC2_YAPpos_muralneglike_myCAFs', 'TAMs', 'S100A4pos_NonnegBasal', 'Tenascin_high_myCAFs', 'CTGFpos_Fibronectinpos_CAFs', 'YAP_pMLC2_ECM_high_iCAFs', 'Arg1pos_TAMs', 'ECM-rich', 'Stiff matrix', 'Neoadj CD105 CAF high', 'Deletion 22q13.33', 'ploidy', 'Deletion 1p36.11', 'CEACAM6_ep', 'PDGFRab_caf', 'KRT20_ep', 'Fibronectin_caf', 'iNOS_im', 'S100A2_ep']",30
Fold 34,"['pMLC2_YAPpos_muralneglike_myCAFs', 'CTGFpos_Fibronectinpos_CAFs', 'ploidy', 'CEACAM6_ep']",4
Fold 35,"['TFhigh_Classical', 'CTGFpos_Fibronectinpos_CAFs']",2
Fold 36,"['Age.at.Dx', 'ARID1A', 'KDM6A', 'TP53', 'SMAD4', 'FAT3', 'pMLC2_YAPpos_muralneglike_myCAFs', 'TAMs', 'Nonnegpolarized', 'S100A4pos_NonnegBasal', 'Tenascin_high_myCAFs', 'TFhigh_Classical', 'CTGFpos_Fibronectinpos_CAFs', 'YAP_pMLC2_ECM_high_iCAFs', 'Deletion 22q13.33', 'ploidy', 'Deletion 1p36.11', 'Amplification 17p11.2', 'CEACAM6_ep', 'PDGFRab_caf', 'KRT20_ep', 'CLEC9A_im', 'Fibronectin_caf', 'KRT5_ep', 'iNOS_im']",25
Fold 37,"['TAMs', 'CTGFpos_Fibronectinpos_CAFs', 'YAP_pMLC2_ECM_high_iCAFs', 'Deletion 22q13.33', 'CEACAM6_ep', 'PDGFRab_caf']",6
Fold 38,"['Sex', 'tls_presence', 'ARID1A', 'AHNAK', 'KDM6A', 'PLXNB2', 'SMAD4', 'FAT3', 'PXDN', 'RNF43', 'ZFHX4', 'TGFBR2', 'CDKN2A', 'LRP1B', 'CSMD1', 'pMLC2_YAPpos_muralneglike_myCAFs', 'TAMs', 'Nonnegpolarized', 'S100A4pos_NonnegBasal', 'Tenascin_high_myCAFs', 'TFhigh_Classical', 'PDPN_high_endothelial_cells', 'CTGFpos_Fibronectinpos_CAFs', 'YAP_pMLC2_ECM_high_iCAFs', 'CCL21_high_lymphatic_endothelial_cells', 'Arg1pos_TAMs', 'ECM-rich', 'Neoadj CD105 CAF high', 'Deletion 22q13.33', 'ploidy', 'Deletion 1p36.11', 'Amplification 17p11.2', 'CEACAM6_ep', 'PDGFRab_caf', 'ESM1_caf', 'CLEC9A_im', 'Fibronectin_caf', 'INS_ep', 'ANXA2_ep', 'KRT5_ep', 'iNOS_im', 'PDPN', 'S100A2_ep']",43
Fold 39,"['Sex', 'ARID1A', 'KDM6A', 'TFhigh_Classical', 'Deletion 22q13.33', 'CEACAM6_ep', 'PDGFRab_caf', 'ANXA2_ep', 'iNOS_im']",9
Fold 40,"['pMLC2_YAPpos_muralneglike_myCAFs', 'TFhigh_Classical', 'Deletion 22q13.33']",3
Fold 41,"['Unnamed: 0', 'Sex', 'tls_presence', 'Age.at.Dx', 'Whipple_Surgery', 'Distal_Surgery', 'ARID1A', 'AHNAK', 'KDM6A', 'snv_count', 'TP53', 'PLXNB2', 'SMAD4', 'FAT3', 'PXDN', 'PDZRN3', 'RNF43', 'KMT2C', 'ZFHX4', 'GNAS', 'TGFBR2', 'CDKN2A', 'LRP1B', 'KRAS', 'HMCN1', 'ATP10A', 'KMT2D', 'CSMD1', 'TENM4', 'ATM', 'pMLC2_YAPpos_muralneglike_myCAFs', 'TAMs', 'Nonnegpolarized', 'S100A4pos_NonnegBasal', 'Tenascin_high_myCAFs', 'TFlow_Classical', 'TFhigh_Classical', 'PDPN_high_endothelial_cells', 'CTGFpos_Fibronectinpos_CAFs', 'YAP_pMLC2_ECM_high_iCAFs', 'Vascular_smooth_muscle_cells', 'YAP_Col1A2_high_CD105pos_iCAFs', 'CD34pos_CAFs', 'CCL21_high_lymphatic_endothelial_cells', 'CD36_high_pericytes', 'Basal', 'Arg1pos_TAMs', 'Stiff matrix', 'Immune infiltrated stroma', 'Neoadj CD105 CAF high', 'CD105 CAF high', 'Deletion 22q13.33', 'ploidy', 'Deletion 1p36.11', 'Amplification 17p11.2', 'CEACAM6_ep', 'PDGFRab_caf', 'ESM1_caf', 'KRT20_ep', 'CLEC9A_im', 'Fibronectin_caf', 'TP63_ep', 'INS_ep', 'ANXA2_ep', 'PRSS1_ep', 'KRT5_ep', 'iNOS_im', 'PDPN', 'CD79A_im', 'S100A2_ep', 'REG4_ep']",71
Fold 42,"['KDM6A', 'SMAD4', 'FAT3', 'PXDN', 'KRAS', 'pMLC2_YAPpos_muralneglike_myCAFs', 'TAMs', 'Nonnegpolarized', 'S100A4pos_NonnegBasal', 'TFhigh_Classical', 'CTGFpos_Fibronectinpos_CAFs', 'CD34pos_CAFs', 'ECM-rich', 'Neoadj CD105 CAF high', 'Deletion 22q13.33', 'ploidy', 'Deletion 1p36.11', 'Amplification 17p11.2', 'CEACAM6_ep', 'PDGFRab_caf', 'ANXA2_ep', 'iNOS_im', 'CD79A_im', 'S100A2_ep']",24
Fold 43,"['Sex', 'tls_presence', 'KDM6A', 'PXDN', 'pMLC2_YAPpos_muralneglike_myCAFs', 'TAMs', 'Nonnegpolarized', 'Tenascin_high_myCAFs', 'TFhigh_Classical', 'CTGFpos_Fibronectinpos_CAFs', 'YAP_pMLC2_ECM_high_iCAFs', 'Arg1pos_TAMs', 'Deletion 22q13.33', 'ploidy', 'CEACAM6_ep', 'PDGFRab_caf', 'Fibronectin_caf', 'ANXA2_ep', 'CD79A_im']",19
Fold 44,"['Sex', 'tls_presence', 'ARID1A', 'KDM6A', 'SMAD4', 'CDKN2A', 'KMT2D', 'pMLC2_YAPpos_muralneglike_myCAFs', 'TAMs', 'S100A4pos_NonnegBasal', 'Tenascin_high_myCAFs', 'TFhigh_Classical', 'YAP_pMLC2_ECM_high_iCAFs', 'Arg1pos_TAMs', 'ECM-rich', 'Deletion 22q13.33', 'Deletion 1p36.11', 'CEACAM6_ep', 'PDGFRab_caf', 'TP63_ep', 'ANXA2_ep', 'S100A2_ep']",22
Fold 45,"['Sex', 'tls_presence', 'Age.at.Dx', 'ARID1A', 'AHNAK', 'SMAD4', 'ZFHX4', 'HMCN1', 'KMT2D', 'pMLC2_YAPpos_muralneglike_myCAFs', 'TAMs', 'Nonnegpolarized', 'Tenascin_high_myCAFs', 'TFhigh_Classical', 'PDPN_high_endothelial_cells', 'CTGFpos_Fibronectinpos_CAFs', 'Arg1pos_TAMs', 'Immune infiltrated stroma', 'Deletion 22q13.33', 'ploidy', 'CEACAM6_ep', 'PDGFRab_caf', 'CLEC9A_im', 'CD79A_im', 'S100A2_ep']",25
Fold 46,"['Tenascin_high_myCAFs', 'CTGFpos_Fibronectinpos_CAFs', 'Deletion 22q13.33', 'CEACAM6_ep', 'PDGFRab_caf']",5
Fold 47,"['Unnamed: 0', 'Sex', 'tls_presence', 'ARID1A', 'AHNAK', 'KDM6A', 'SMAD4', 'RNF43', 'ZFHX4', 'TGFBR2', 'HMCN1', 'pMLC2_YAPpos_muralneglike_myCAFs', 'TAMs', 'Nonnegpolarized', 'S100A4pos_NonnegBasal', 'Tenascin_high_myCAFs', 'TFhigh_Classical', 'CTGFpos_Fibronectinpos_CAFs', 'Vascular_smooth_muscle_cells', 'YAP_Col1A2_high_CD105pos_iCAFs', 'CCL21_high_lymphatic_endothelial_cells', 'Arg1pos_TAMs', 'Deletion 22q13.33', 'ploidy', 'Deletion 1p36.11', 'Amplification 17p11.2', 'CEACAM6_ep', 'PDGFRab_caf', 'ESM1_caf', 'KRT20_ep', 'Fibronectin_caf', 'ANXA2_ep', 'KRT5_ep', 'iNOS_im', 'CD79A_im']",35
Fold 48,"['S100A4pos_NonnegBasal', 'CTGFpos_Fibronectinpos_CAFs', 'Deletion 22q13.33', 'CEACAM6_ep', 'PDGFRab_caf', 'iNOS_im']",6
Fold 49,"['PLXNB2', 'SMAD4', 'FAT3', 'pMLC2_YAPpos_muralneglike_myCAFs', 'Nonnegpolarized', 'TFhigh_Classical', 'Deletion 22q13.33', 'CEACAM6_ep', 'PDGFRab_caf', 'Fibronectin_caf']",10
Fold 50,"['pMLC2_YAPpos_muralneglike_myCAFs', 'TFhigh_Classical', 'CEACAM6_ep', 'Fibronectin_caf']",4
Fold 51,"['ARID1A', 'TFhigh_Classical', 'ECM-rich', 'CEACAM6_ep', 'PDGFRab_caf', 'Fibronectin_caf']",6
Fold 52,"['ARID1A', 'KDM6A', 'pMLC2_YAPpos_muralneglike_myCAFs', 'TFhigh_Classical', 'CTGFpos_Fibronectinpos_CAFs', 'Deletion 1p36.11']",6
Fold 53,"['KDM6A', 'pMLC2_YAPpos_muralneglike_myCAFs', 'TAMs', 'CTGFpos_Fibronectinpos_CAFs', 'YAP_pMLC2_ECM_high_iCAFs', 'Deletion 22q13.33', 'CEACAM6_ep', 'PDGFRab_caf']",8
Fold 54,"['TAMs', 'TFhigh_Classical', 'CTGFpos_Fibronectinpos_CAFs', 'PDGFRab_caf']",4
Fold 55,"['TAMs', 'ECM-rich', 'CEACAM6_ep']",3
Fold 56,"['Sex', 'Age.at.Dx', 'AHNAK', 'KDM6A', 'PLXNB2', 'SMAD4', 'FAT3', 'PXDN', 'KMT2C', 'ZFHX4', 'TGFBR2', 'LRP1B', 'CSMD1', 'pMLC2_YAPpos_muralneglike_myCAFs', 'TAMs', 'Nonnegpolarized', 'S100A4pos_NonnegBasal', 'Tenascin_high_myCAFs', 'TFhigh_Classical', 'CTGFpos_Fibronectinpos_CAFs', 'Vascular_smooth_muscle_cells', 'CCL21_high_lymphatic_endothelial_cells', 'ECM-rich', 'Neoadj CD105 CAF high', 'Deletion 22q13.33', 'Deletion 1p36.11', 'Amplification 17p11.2', 'CEACAM6_ep', 'PDGFRab_caf', 'CLEC9A_im', 'ANXA2_ep', 'iNOS_im']",32
Fold 57,"['SMAD4', 'FAT3', 'pMLC2_YAPpos_muralneglike_myCAFs', 'TFhigh_Classical', 'CTGFpos_Fibronectinpos_CAFs', 'Deletion 22q13.33', 'CEACAM6_ep', 'PDGFRab_caf', 'CLEC9A_im', 'iNOS_im', 'S100A2_ep']",11
Fold 58,"['CTGFpos_Fibronectinpos_CAFs', 'Deletion 22q13.33', 'CEACAM6_ep']",3
Fold 59,"['Sex', 'tls_presence', 'ARID1A', 'KDM6A', 'SMAD4', 'ZFHX4', 'pMLC2_YAPpos_muralneglike_myCAFs', 'TAMs', 'Nonnegpolarized', 'S100A4pos_NonnegBasal', 'TFhigh_Classical', 'CTGFpos_Fibronectinpos_CAFs', 'Deletion 22q13.33', 'Amplification 17p11.2', 'CEACAM6_ep', 'PDGFRab_caf', 'CLEC9A_im', 'Fibronectin_caf', 'ANXA2_ep', 'iNOS_im', 'S100A2_ep']",21
Fold 60,"['TFhigh_Classical', 'CEACAM6_ep', 'Fibronectin_caf']",3
Fold 61,"['pMLC2_YAPpos_muralneglike_myCAFs', 'TAMs', 'Nonnegpolarized', 'CTGFpos_Fibronectinpos_CAFs', 'Deletion 22q13.33', 'ploidy']",6
Fold 62,"['TFhigh_Classical', 'Deletion 22q13.33']",2
Fold 63,"['Sex', 'ARID1A', 'KDM6A', 'PLXNB2', 'SMAD4', 'FAT3', 'pMLC2_YAPpos_muralneglike_myCAFs', 'Nonnegpolarized', 'S100A4pos_NonnegBasal', 'TFlow_Classical', 'TFhigh_Classical', 'CTGFpos_Fibronectinpos_CAFs', 'ECM-rich', 'Deletion 22q13.33', 'ploidy', 'Deletion 1p36.11', 'CEACAM6_ep', 'PDGFRab_caf', 'Fibronectin_caf', 'ANXA2_ep', 'KRT5_ep', 'S100A2_ep']",22
Fold 64,"['pMLC2_YAPpos_muralneglike_myCAFs', 'TAMs', 'Nonnegpolarized', 'CEACAM6_ep', 'PDGFRab_caf', 'ANXA2_ep']",6
Fold 65,"['ARID1A', 'TFhigh_Classical', 'CTGFpos_Fibronectinpos_CAFs']",3
Fold 66,"['Sex', 'tls_presence', 'KDM6A', 'SMAD4', 'FAT3', 'PXDN', 'RNF43', 'ZFHX4', 'CDKN2A', 'pMLC2_YAPpos_muralneglike_myCAFs', 'TAMs', 'Nonnegpolarized', 'S100A4pos_NonnegBasal', 'Tenascin_high_myCAFs', 'TFlow_Classical', 'TFhigh_Classical', 'CTGFpos_Fibronectinpos_CAFs', 'CD36_high_pericytes', 'ECM-rich', 'Immune infiltrated stroma', 'Neoadj CD105 CAF high', 'Deletion 22q13.33', 'ploidy', 'Amplification 17p11.2', 'CEACAM6_ep', 'PDGFRab_caf', 'ESM1_caf', 'KRT20_ep', 'Fibronectin_caf', 'ANXA2_ep', 'iNOS_im', 'CD79A_im']",32
Fold 67,"['S100A4pos_NonnegBasal', 'TFhigh_Classical', 'YAP_pMLC2_ECM_high_iCAFs', 'Deletion 22q13.33', 'CEACAM6_ep', 'PDGFRab_caf', 'CLEC9A_im']",7
Fold 68,"['KDM6A', 'SMAD4', 'CTGFpos_Fibronectinpos_CAFs', 'Deletion 22q13.33', 'Deletion 1p36.11', 'PDGFRab_caf']",6
Fold 69,"['Sex', 'TAMs', 'Tenascin_high_myCAFs', 'TFhigh_Classical', 'CTGFpos_Fibronectinpos_CAFs', 'Deletion 22q13.33', 'Deletion 1p36.11', 'PDGFRab_caf', 'iNOS_im']",9
Fold 70,"['ARID1A', 'Deletion 22q13.33', 'Fibronectin_caf']",3
Fold 71,"['ARID1A', 'pMLC2_YAPpos_muralneglike_myCAFs', 'Nonnegpolarized', 'Deletion 22q13.33', 'Deletion 1p36.11']",5
Fold 72,"['ARID1A', 'PDGFRab_caf']",2
Fold 73,"['tls_presence', 'Age.at.Dx', 'ARID1A', 'AHNAK', 'KDM6A', 'SMAD4', 'RNF43', 'ZFHX4', 'KMT2D', 'pMLC2_YAPpos_muralneglike_myCAFs', 'TAMs', 'S100A4pos_NonnegBasal', 'Tenascin_high_myCAFs', 'TFhigh_Classical', 'CTGFpos_Fibronectinpos_CAFs', 'YAP_pMLC2_ECM_high_iCAFs', 'Vascular_smooth_muscle_cells', 'CD36_high_pericytes', 'Arg1pos_TAMs', 'ECM-rich', 'Immune infiltrated stroma', 'Neoadj CD105 CAF high', 'Deletion 22q13.33', 'ploidy', 'Deletion 1p36.11', 'CEACAM6_ep', 'PDGFRab_caf', 'CLEC9A_im', 'Fibronectin_caf', 'ANXA2_ep', 'iNOS_im']",31
Fold 74,"['SMAD4', 'S100A4pos_NonnegBasal', 'CTGFpos_Fibronectinpos_CAFs', 'Deletion 22q13.33']",4
Fold 75,"['Sex', 'ARID1A', 'pMLC2_YAPpos_muralneglike_myCAFs', 'TAMs', 'CEACAM6_ep', 'PDGFRab_caf', 'CLEC9A_im', 'iNOS_im']",8
Fold 76,"['tls_presence', 'ARID1A', 'RNF43', 'KMT2D', 'pMLC2_YAPpos_muralneglike_myCAFs', 'Nonnegpolarized', 'S100A4pos_NonnegBasal', 'TFhigh_Classical', 'YAP_pMLC2_ECM_high_iCAFs', 'Deletion 22q13.33', 'CEACAM6_ep', 'PDGFRab_caf', 'CLEC9A_im', 'iNOS_im']",14
Fold 77,"['Sex', 'ARID1A', 'KDM6A', 'SMAD4', 'KMT2D', 'pMLC2_YAPpos_muralneglike_myCAFs', 'TAMs', 'Nonnegpolarized', 'S100A4pos_NonnegBasal', 'TFlow_Classical', 'TFhigh_Classical', 'YAP_pMLC2_ECM_high_iCAFs', 'CCL21_high_lymphatic_endothelial_cells', 'Deletion 22q13.33', 'ploidy', 'Deletion 1p36.11', 'CEACAM6_ep', 'PDGFRab_caf', 'CLEC9A_im', 'KRT5_ep', 'iNOS_im']",21
Fold 78,"['TAMs', 'TFhigh_Classical', 'CEACAM6_ep']",3
Fold 79,"['TAMs', 'Nonnegpolarized', 'S100A4pos_NonnegBasal', 'TFhigh_Classical', 'Deletion 1p36.11', 'CEACAM6_ep', 'PDGFRab_caf']",7
Fold 80,"['Deletion 22q13.33', 'CEACAM6_ep']",2
Fold 81,"['Sex', 'Distal_Surgery', 'ARID1A', 'AHNAK', 'KDM6A', 'PLXNB2', 'SMAD4', 'FAT3', 'RNF43', 'ZFHX4', 'KRAS', 'TENM4', 'pMLC2_YAPpos_muralneglike_myCAFs', 'TAMs', 'Nonnegpolarized', 'S100A4pos_NonnegBasal', 'Tenascin_high_myCAFs', 'TFhigh_Classical', 'CTGFpos_Fibronectinpos_CAFs', 'YAP_pMLC2_ECM_high_iCAFs', 'Vascular_smooth_muscle_cells', 'ECM-rich', 'Neoadj CD105 CAF high', 'Deletion 22q13.33', 'ploidy', 'Deletion 1p36.11', 'CEACAM6_ep', 'PDGFRab_caf', 'KRT20_ep', 'Fibronectin_caf', 'INS_ep', 'KRT5_ep', 'iNOS_im', 'REG4_ep']",34
Fold 82,"['ARID1A', 'PLXNB2', 'SMAD4', 'pMLC2_YAPpos_muralneglike_myCAFs', 'TAMs', 'CTGFpos_Fibronectinpos_CAFs', 'Deletion 22q13.33', 'ploidy', 'CEACAM6_ep', 'PDGFRab_caf', 'iNOS_im']",11
Fold 83,"['Unnamed: 0', 'Sex', 'tls_presence', 'Age.at.Dx', 'Distal_Surgery', 'ARID1A', 'AHNAK', 'KDM6A', 'TP53', 'PLXNB2', 'SMAD4', 'FAT3', 'PXDN', 'PDZRN3', 'RNF43', 'KMT2C', 'ZFHX4', 'GNAS', 'TGFBR2', 'CDKN2A', 'LRP1B', 'KRAS', 'HMCN1', 'KMT2D', 'CSMD1', 'TENM4', 'ATM', 'pMLC2_YAPpos_muralneglike_myCAFs', 'TAMs', 'Nonnegpolarized', 'S100A4pos_NonnegBasal', 'Tenascin_high_myCAFs', 'TFhigh_Classical', 'CTGFpos_Fibronectinpos_CAFs', 'YAP_pMLC2_ECM_high_iCAFs', 'Vascular_smooth_muscle_cells', 'YAP_Col1A2_high_CD105pos_iCAFs', 'CD34pos_CAFs', 'CCL21_high_lymphatic_endothelial_cells', 'Arg1pos_TAMs', 'ECM-rich', 'Stiff matrix', 'Immune infiltrated stroma', 'Neoadj CD105 CAF high', 'Deletion 22q13.33', 'ploidy', 'Deletion 1p36.11', 'Amplification 17p11.2', 'CEACAM6_ep', 'PDGFRab_caf', 'KRT20_ep', 'CLEC9A_im', 'Fibronectin_caf', 'INS_ep', 'ANXA2_ep', 'PRSS1_ep', 'KRT5_ep', 'iNOS_im', 'CD79A_im', 'S100A2_ep', 'REG4_ep']",61
Fold 84,"['Deletion 22q13.33', 'CEACAM6_ep']",2
Fold 85,"['tls_presence', 'KDM6A', 'FAT3', 'KMT2D', 'pMLC2_YAPpos_muralneglike_myCAFs', 'TAMs', 'Nonnegpolarized', 'Tenascin_high_myCAFs', 'TFhigh_Classical', 'CTGFpos_Fibronectinpos_CAFs', 'Arg1pos_TAMs', 'Deletion 22q13.33', 'Deletion 1p36.11', 'CEACAM6_ep', 'PDGFRab_caf', 'CLEC9A_im', 'Fibronectin_caf', 'ANXA2_ep', 'PDPN', 'S100A2_ep']",20
Fold 86,"['ARID1A', 'KDM6A', 'SMAD4', 'pMLC2_YAPpos_muralneglike_myCAFs', 'TAMs', 'Nonnegpolarized', 'Tenascin_high_myCAFs', 'CTGFpos_Fibronectinpos_CAFs', 'Deletion 22q13.33', 'CEACAM6_ep', 'ANXA2_ep', 'KRT5_ep']",12
Fold 87,"['pMLC2_YAPpos_muralneglike_myCAFs', 'ECM-rich', 'Deletion 22q13.33', 'ploidy', 'Deletion 1p36.11', 'CEACAM6_ep', 'PDGFRab_caf', 'Fibronectin_caf']",8
Fold 88,"['Sex', 'tls_presence', 'ARID1A', 'KDM6A', 'SMAD4', 'FAT3', 'RNF43', 'KMT2D', 'pMLC2_YAPpos_muralneglike_myCAFs', 'TAMs', 'TFhigh_Classical', 'CTGFpos_Fibronectinpos_CAFs', 'Arg1pos_TAMs', 'ECM-rich', 'Neoadj CD105 CAF high', 'Deletion 22q13.33', 'CEACAM6_ep', 'PDGFRab_caf', 'CLEC9A_im', 'Fibronectin_caf', 'KRT5_ep', 'iNOS_im']",22
Fold 89,"['CEACAM6_ep', 'iNOS_im']",2
Fold 90,"['Sex', 'ARID1A', 'KDM6A', 'SMAD4', 'KRAS', 'pMLC2_YAPpos_muralneglike_myCAFs', 'TAMs', 'S100A4pos_NonnegBasal', 'Tenascin_high_myCAFs', 'TFhigh_Classical', 'CTGFpos_Fibronectinpos_CAFs', 'ECM-rich', 'Deletion 22q13.33', 'Deletion 1p36.11', 'CEACAM6_ep', 'ESM1_caf', 'ANXA2_ep', 'KRT5_ep', 'iNOS_im', 'CD79A_im', 'S100A2_ep']",21
Fold 91,"['Unnamed: 0', 'Sex', 'tls_presence', 'Age.at.Dx', 'Whipple_Surgery', 'Distal_Surgery', 'ARID1A', 'AHNAK', 'KDM6A', 'snv_count', 'TP53', 'PLXNB2', 'SMAD4', 'FAT3', 'PXDN', 'PDZRN3', 'RNF43', 'KMT2C', 'ZFHX4', 'GNAS', 'TGFBR2', 'CDKN2A', 'LRP1B', 'KRAS', 'HMCN1', 'ATP10A', 'KMT2D', 'CSMD1', 'TENM4', 'ATM', 'DMD', 'pMLC2_YAPpos_muralneglike_myCAFs', 'TAMs', 'Nonnegpolarized', 'S100A4pos_NonnegBasal', 'Tenascin_high_myCAFs', 'TFlow_Classical', 'TFhigh_Classical', 'PDPN_high_endothelial_cells', 'CTGFpos_Fibronectinpos_CAFs', 'YAP_pMLC2_ECM_high_iCAFs', 'Vascular_smooth_muscle_cells', 'YAP_Col1A2_high_CD105pos_iCAFs', 'CD34pos_CAFs', 'CCL21_high_lymphatic_endothelial_cells', 'CD36_high_pericytes', 'Basal', 'Arg1pos_TAMs', 'ECM-rich', 'Stiff matrix', 'Immune infiltrated stroma', 'Neoadj CD105 CAF high', 'CD105 CAF high', 'Deletion 22q13.33', 'ploidy', 'Deletion 1p36.11', 'Amplification 17p11.2', 'CEACAM6_ep', 'PDGFRab_caf', 'ESM1_caf', 'KRT20_ep', 'CLEC9A_im', 'Fibronectin_caf', 'TP63_ep', 'INS_ep', 'ANXA2_ep', 'PRSS1_ep', 'KRT5_ep', 'iNOS_im', 'PDPN', 'CD79A_im', 'S100A2_ep', 'REG4_ep']",73
Fold 92,"['Deletion 22q13.33', 'CEACAM6_ep']",2
Fold 93,"['Unnamed: 0', 'Sex', 'tls_presence', 'Age.at.Dx', 'Distal_Surgery', 'ARID1A', 'AHNAK', 'KDM6A', 'snv_count', 'TP53', 'PLXNB2', 'SMAD4', 'FAT3', 'PXDN', 'RNF43', 'ZFHX4', 'GNAS', 'TGFBR2', 'CDKN2A', 'LRP1B', 'KRAS', 'HMCN1', 'KMT2D', 'CSMD1', 'ATM', 'pMLC2_YAPpos_muralneglike_myCAFs', 'TAMs', 'Nonnegpolarized', 'S100A4pos_NonnegBasal', 'Tenascin_high_myCAFs', 'TFhigh_Classical', 'CTGFpos_Fibronectinpos_CAFs', 'YAP_pMLC2_ECM_high_iCAFs', 'Vascular_smooth_muscle_cells', 'YAP_Col1A2_high_CD105pos_iCAFs', 'CCL21_high_lymphatic_endothelial_cells', 'CD36_high_pericytes', 'Arg1pos_TAMs', 'ECM-rich', 'Immune infiltrated stroma', 'Neoadj CD105 CAF high', 'Deletion 22q13.33', 'ploidy', 'Deletion 1p36.11', 'Amplification 17p11.2', 'CEACAM6_ep', 'PDGFRab_caf', 'ESM1_caf', 'KRT20_ep', 'CLEC9A_im', 'Fibronectin_caf', 'INS_ep', 'ANXA2_ep', 'PRSS1_ep', 'KRT5_ep', 'iNOS_im', 'PDPN', 'REG4_ep']",58
Fold 94,"['KDM6A', 'TAMs', 'S100A4pos_NonnegBasal', 'Deletion 22q13.33', 'Deletion 1p36.11', 'CEACAM6_ep', 'PDGFRab_caf']",7
Fold 95,"['Deletion 22q13.33', 'ploidy', 'Fibronectin_caf']",3
Fold 96,"['ARID1A', 'KDM6A', 'FAT3', 'pMLC2_YAPpos_muralneglike_myCAFs', 'Nonnegpolarized', 'Tenascin_high_myCAFs', 'TFhigh_Classical', 'Deletion 22q13.33']",8
Fold 97,"['Sex', 'Age.at.Dx', 'Distal_Surgery', 'ARID1A', 'AHNAK', 'KDM6A', 'FAT3', 'PDZRN3', 'ZFHX4', 'TGFBR2', 'pMLC2_YAPpos_muralneglike_myCAFs', 'TAMs', 'Nonnegpolarized', 'S100A4pos_NonnegBasal', 'Tenascin_high_myCAFs', 'TFlow_Classical', 'TFhigh_Classical', 'PDPN_high_endothelial_cells', 'CTGFpos_Fibronectinpos_CAFs', 'YAP_pMLC2_ECM_high_iCAFs', 'CCL21_high_lymphatic_endothelial_cells', 'Immune infiltrated stroma', 'Deletion 22q13.33', 'ploidy', 'Deletion 1p36.11', 'CEACAM6_ep', 'PDGFRab_caf', 'KRT20_ep', 'CLEC9A_im', 'Fibronectin_caf', 'ANXA2_ep', 'iNOS_im', 'CD79A_im']",33
Fold 98,"['Sex', 'ARID1A', 'AHNAK', 'KDM6A', 'LRP1B', 'KMT2D', 'pMLC2_YAPpos_muralneglike_myCAFs', 'TAMs', 'Nonnegpolarized', 'Arg1pos_TAMs', 'Deletion 22q13.33', 'ploidy', 'CEACAM6_ep', 'PDGFRab_caf', 'Fibronectin_caf', 'iNOS_im', 'S100A2_ep']",17
Fold 99,"['Deletion 22q13.33', 'CEACAM6_ep', 'PDGFRab_caf']",3
